"COUNTRY_ID";"COUNTRY_NAME";"REGION_ID"
"AR";"Argentina";2.0
"AU";"Australia";3.0
"BE";"Belgium";1.0
"BR";"Brazil";2.0
"CA";"Canada";2.0
"CH";"Switzerland";1.0
"CN";"China";3.0
"DE";"Germany";1.0
"DK";"Denmark";1.0
"EG";"Egypt";4.0
"FR";"France";1.0
"HK";"HongKong";3.0
"IL";"Israel";4.0
"IN";"India";3.0
"IT";"Italy";1.0
"JP";"Japan";3.0
"KW";"Kuwait";4.0
"MX";"Mexico";2.0
"NG";"Nigeria";4.0
"NL";"Netherlands";1.0
"SG";"Singapore";3.0
"UK";"United Kingdom";1.0
"US";"United States of America";2.0
"ZM";"Zambia";4.0
"ZW";"Zimbabwe";4.0
